image,caption
10815824_2997e03d76.jpg,man in blue shirt is riding horse
35506150_cbdb630f4f.jpg,man in blue shirt is sitting on the ground
57422853_b5f6366081.jpg,man in blue shirt is standing on the ground
72218201_e0e9c7d65b.jpg,two men in red uniforms are running in the snow
93922153_8d831f7f01.jpg,man in blue shirt is walking on the ground
95734035_84732a92c1.jpg,man in red shirt is riding bike
95728660_d47de66544.jpg,man in black shirt is walking down the road
95728660_d47de66544.jpg,man in black shirt is walking down the road
69710415_5c2bfb1058.jpg,man in blue shirt is walking on the beach
69710415_5c2bfb1058.jpg,man in blue shirt is walking on the beach
96420612_feb18fc6c6.jpg,man in white shirt is jumping into the air
84713990_d3f3cef78b.jpg,two people are sitting on the beach
69710415_5c2bfb1058.jpg,man in blue shirt is walking on the beach
78984436_ad96eaa802.jpg,two dogs are running in the grass
IMG-20210922-WA0016.jpg,man in black shirt is walking down the street
72218201_e0e9c7d65b.jpg,two men in red uniforms are running in the snow
69710411_2cf537f61f.jpg,group of people are standing in front of the crowd
95783195_e1ba3f57ca.jpg,man in blue shirt is standing on the ground
90011335_cfdf9674c2.jpg,two people are standing on the beach
78984436_ad96eaa802.jpg,two dogs are running in the grass
